{"info":{"year":"2024","version":"2","description":"Exported from roboflow.com","contributor":"","url":"https://public.roboflow.com/object-detection/undefined","date_created":"2024-02-07T12:32:31+00:00"},"licenses":[{"id":1,"url":"https://creativecommons.org/licenses/by/4.0/","name":"CC BY 4.0"}],"categories":[{"id":0,"name":"drones","supercategory":"none"},{"id":1,"name":"drones","supercategory":"drones"}],"images":[{"id":0,"license":1,"file_name":"bangkok-thailand-june-18-2016-260nw-438993526_jpg.rf.feed9fd824557268aa56adb87434e908.jpg","height":640,"width":640,"date_captured":"2024-02-07T12:32:31+00:00"},{"id":1,"license":1,"file_name":"bethesda-md-november-10-2017-260nw-753012535_jpg.rf.01601e90f1e0b52cc0101e0c35dd9368.jpg","height":640,"width":640,"date_captured":"2024-02-07T12:32:31+00:00"},{"id":2,"license":1,"file_name":"bangkok-thailand-july-2018-dji-260nw-1135433624_jpg.rf.028fe3c581d7d8f023bb26500495036f.jpg","height":640,"width":640,"date_captured":"2024-02-07T12:32:31+00:00"},{"id":3,"license":1,"file_name":"03012017-dji-phantom-flying-sky-260nw-555436894_jpg.rf.00a546cf1f8e04e5485f3b1de472f967.jpg","height":640,"width":640,"date_captured":"2024-02-07T12:32:31+00:00"},{"id":4,"license":1,"file_name":"almere-netherlands-september-29-2017-260nw-724471786_jpg.rf.0501ed3d3a51af48547974dff03427f3.jpg","height":640,"width":640,"date_captured":"2024-02-07T12:32:31+00:00"},{"id":5,"license":1,"file_name":"august-24-2017-labuan-malaysia-260nw-702849457_jpg.rf.03801c1ef817685a6366c48e41bd4f5a.jpg","height":640,"width":640,"date_captured":"2024-02-07T12:32:31+00:00"},{"id":6,"license":1,"file_name":"bangkok-thailand-june-18-2016-260nw-438990019_jpg.rf.04d5ceba611aeb440b4f4a824e122c67.jpg","height":640,"width":640,"date_captured":"2024-02-07T12:32:31+00:00"},{"id":7,"license":1,"file_name":"bangkok-thailand-june-18-2016-260nw-438990673_jpg.rf.0673c55db8ed1cd62023852286611802.jpg","height":640,"width":640,"date_captured":"2024-02-07T12:32:31+00:00"},{"id":8,"license":1,"file_name":"bangkok-thailand-june-18-2016-260nw-438992713_jpg.rf.0a7b5b3471d693037af4717510f9c9d2.jpg","height":640,"width":640,"date_captured":"2024-02-07T12:32:31+00:00"},{"id":9,"license":1,"file_name":"chanburi-thailand-11-april-2017-260nw-634534409_jpg.rf.14c9991e0e12a541360196b0b8712ac9.jpg","height":640,"width":640,"date_captured":"2024-02-07T12:32:31+00:00"},{"id":10,"license":1,"file_name":"astana-kazakhstan-september-2-2017-260nw-726603286_jpg.rf.0d87d766ba5922c8ce527a81245a52f4.jpg","height":640,"width":640,"date_captured":"2024-02-07T12:32:31+00:00"},{"id":11,"license":1,"file_name":"bangkok-thailand-june-18-2016-260nw-438990700_jpg.rf.07b9756fedd6d5ebf74acee55aea4e19.jpg","height":640,"width":640,"date_captured":"2024-02-07T12:32:31+00:00"},{"id":12,"license":1,"file_name":"cherkasst-ukraina-june-17-2016white-260nw-493473406_jpg.rf.127b0caf457b1eb2c7cecd40a4edecaf.jpg","height":640,"width":640,"date_captured":"2024-02-07T12:32:31+00:00"},{"id":13,"license":1,"file_name":"18th-july-2017-kuantanpahangmalaysia-dji-260nw-681114895_jpg.rf.122b6b102f1c246d2d3caf17e0a4ceac.jpg","height":640,"width":640,"date_captured":"2024-02-07T12:32:31+00:00"},{"id":14,"license":1,"file_name":"athens-greece-december-20-2014-260nw-246192943_jpg.rf.130c32dc92358fefe0c28e0a4f45177f.jpg","height":640,"width":640,"date_captured":"2024-02-07T12:32:31+00:00"},{"id":15,"license":1,"file_name":"astana-kazakhstan-december-18-2017-260nw-777448510_jpg.rf.10e498d8b369e0a1a74043eb376a274f.jpg","height":640,"width":640,"date_captured":"2024-02-07T12:32:31+00:00"},{"id":16,"license":1,"file_name":"23-december-2016-phantom-4-260nw-543088960_jpg.rf.13fbf19e564c85387fe42b4b70296105.jpg","height":640,"width":640,"date_captured":"2024-02-07T12:32:31+00:00"},{"id":17,"license":1,"file_name":"budapest-hungary-december-10-2017-260nw-791655442_jpg.rf.0c0ee150b1aa0e8655c86848a269fcb8.jpg","height":640,"width":640,"date_captured":"2024-02-07T12:32:31+00:00"},{"id":18,"license":1,"file_name":"03012017-dji-phantom-flying-sky-260nw-555436891_jpg.rf.17544553f0db2fad8b44080d2e86c859.jpg","height":640,"width":640,"date_captured":"2024-02-07T12:32:31+00:00"},{"id":19,"license":1,"file_name":"august-24-2017-quadrocopter-dji-260nw-702820957_jpg.rf.19a8f4b8d9ae5ed546949623fc164664.jpg","height":640,"width":640,"date_captured":"2024-02-07T12:32:31+00:00"},{"id":20,"license":1,"file_name":"bangkok-thailand-march-13-dji-260nw-395087089_jpg.rf.16d27beec9f1af4717118af9dd3d0c17.jpg","height":640,"width":640,"date_captured":"2024-02-07T12:32:31+00:00"},{"id":21,"license":1,"file_name":"bangkok-thailand-june-18-2016-260nw-438990709_jpg.rf.1f53ec425e04d0ebe11de2c6833faa79.jpg","height":640,"width":640,"date_captured":"2024-02-07T12:32:31+00:00"},{"id":22,"license":1,"file_name":"bangkok-thailand-october-13-2016-260nw-497856520_jpg.rf.19ac5f0afd1b46caadaf11d1ad8d7f9d.jpg","height":640,"width":640,"date_captured":"2024-02-07T12:32:31+00:00"},{"id":23,"license":1,"file_name":"berlin-germany-june-06-quadrocopter-260nw-706003558_jpg.rf.1e4c04b13b1f3291cadcc017cf210377.jpg","height":640,"width":640,"date_captured":"2024-02-07T12:32:31+00:00"},{"id":24,"license":1,"file_name":"bangkok-thailand-june-18-2016-260nw-438993412_jpg.rf.23dbc80ef9e0a458e05c031e2ca5f25b.jpg","height":640,"width":640,"date_captured":"2024-02-07T12:32:31+00:00"},{"id":25,"license":1,"file_name":"august-24-2017-labuan-malaysia-260nw-702821560_jpg.rf.2256b2de893d74a5eb9af958f0e3e4e5.jpg","height":640,"width":640,"date_captured":"2024-02-07T12:32:31+00:00"},{"id":26,"license":1,"file_name":"bangkok-thailand-june-18-2016-260nw-438990670_jpg.rf.09e87d1d51b35b5749126d0fc81aad7f.jpg","height":640,"width":640,"date_captured":"2024-02-07T12:32:31+00:00"},{"id":27,"license":1,"file_name":"bangkok-thailand-march-2018-dji-260nw-1067043134_jpg.rf.28df9d0d7048d0473855eed46d02afcb.jpg","height":640,"width":640,"date_captured":"2024-02-07T12:32:31+00:00"},{"id":28,"license":1,"file_name":"bangkok-thailand-jul-16-2017-260nw-679537312_jpg.rf.2b3c5dbdfde759bd6176dbce6a997908.jpg","height":640,"width":640,"date_captured":"2024-02-07T12:32:31+00:00"},{"id":29,"license":1,"file_name":"bangkok-thailandmay-16-2016-drone-260nw-421674367_jpg.rf.25d30071efe68a6d6473f30892a7f826.jpg","height":640,"width":640,"date_captured":"2024-02-07T12:32:31+00:00"},{"id":30,"license":1,"file_name":"august-24-2017-labuan-malaysia-260nw-702821572_jpg.rf.21ee7ffc6f8fabf982155c1ae2147261.jpg","height":640,"width":640,"date_captured":"2024-02-07T12:32:31+00:00"},{"id":31,"license":1,"file_name":"bangkok-thailand-august-14-2016-260nw-468332957_jpg.rf.287ac6369a289de30b2163b01e9100b6.jpg","height":640,"width":640,"date_captured":"2024-02-07T12:32:31+00:00"},{"id":32,"license":1,"file_name":"bangkok-thailand-june-18-2016-260nw-438993388_jpg.rf.2df78064b63b3aa0004c36876208ddb5.jpg","height":640,"width":640,"date_captured":"2024-02-07T12:32:31+00:00"},{"id":33,"license":1,"file_name":"bangkok-thailand-june-18-2016-260nw-438990697_jpg.rf.366a51ce3aef71a69088ef64af66e294.jpg","height":640,"width":640,"date_captured":"2024-02-07T12:32:31+00:00"},{"id":34,"license":1,"file_name":"25-may-2018-lviv-ukraine-260nw-1109034161_jpg.rf.2b8f24ac57f9441281256d3b36db6d10.jpg","height":640,"width":640,"date_captured":"2024-02-07T12:32:31+00:00"},{"id":35,"license":1,"file_name":"bangkok-thailand-june-18-2016-260nw-438989998_jpg.rf.26b9a127352f082261c18b39c587d985.jpg","height":640,"width":640,"date_captured":"2024-02-07T12:32:31+00:00"},{"id":36,"license":1,"file_name":"chonburi-thailand-december-7-2017-260nw-786563434_jpg.rf.35e7473ae9580efbdb464879ab6d985f.jpg","height":640,"width":640,"date_captured":"2024-02-07T12:32:31+00:00"},{"id":37,"license":1,"file_name":"18th-july-2017-kuantanpahangmalaysia-dji-260nw-681114913_jpg.rf.31b99f0cb6d7f597955522f7c8b8a7a0.jpg","height":640,"width":640,"date_captured":"2024-02-07T12:32:31+00:00"},{"id":38,"license":1,"file_name":"19th-july-2017-pahang-malaysia-260nw-680436319_jpg.rf.2fcf2072f776ae7f3b720c8416b63bc1.jpg","height":640,"width":640,"date_captured":"2024-02-07T12:32:31+00:00"},{"id":39,"license":1,"file_name":"bangkok-thailand-june-18-2016-260nw-438990742_jpg.rf.2c174494b2c9a7ed1b80b0c8e4ce3c4e.jpg","height":640,"width":640,"date_captured":"2024-02-07T12:32:31+00:00"},{"id":40,"license":1,"file_name":"amsterdam-netherlands-december-17-2017-260nw-776460892_jpg.rf.36f04b20eb01af84a85235a5ca249d19.jpg","height":640,"width":640,"date_captured":"2024-02-07T12:32:31+00:00"},{"id":41,"license":1,"file_name":"august-24-2017-quadrocopter-dji-260nw-706014904_jpg.rf.28e13147dd3d5d816f853c3e4d7f7f45.jpg","height":640,"width":640,"date_captured":"2024-02-07T12:32:31+00:00"},{"id":42,"license":1,"file_name":"19th-july-2017-pahang-malaysia-260nw-680436340_jpg.rf.3867c682d6cfbe4756d10102cb477ac4.jpg","height":640,"width":640,"date_captured":"2024-02-07T12:32:31+00:00"},{"id":43,"license":1,"file_name":"bangkok-thailand-august-14-2016-260nw-468332921_jpg.rf.3b25d1cc64b263cb97e9cc2c3178f4b4.jpg","height":640,"width":640,"date_captured":"2024-02-07T12:32:31+00:00"},{"id":44,"license":1,"file_name":"bangkok-thailand-january-25-2017-260nw-565503649_jpg.rf.3f5c85e18a9c33ce6aaadd08ce209fa3.jpg","height":640,"width":640,"date_captured":"2024-02-07T12:32:31+00:00"},{"id":45,"license":1,"file_name":"bangkok-thailand-october-13-2016-260nw-497856562_jpg.rf.25a920c78e4cf6404a8404ca00c6447d.jpg","height":640,"width":640,"date_captured":"2024-02-07T12:32:31+00:00"},{"id":46,"license":1,"file_name":"big-narrows-poudre-canyon-co-260nw-397931167_jpg.rf.3e44cd486a1d4978216d8763e66f1e12.jpg","height":640,"width":640,"date_captured":"2024-02-07T12:32:31+00:00"},{"id":47,"license":1,"file_name":"astana-kazakhstan-september-2-2017-260nw-726603298_jpg.rf.3bc6f6829aea88f08772414b57f824c0.jpg","height":640,"width":640,"date_captured":"2024-02-07T12:32:31+00:00"},{"id":48,"license":1,"file_name":"berlin-germany-june-06-2017-260nw-682553641_jpg.rf.3d847293139435ba0be642c7d1b4ca92.jpg","height":640,"width":640,"date_captured":"2024-02-07T12:32:31+00:00"},{"id":49,"license":1,"file_name":"bangkok-thailand-june-18-2016-260nw-438992632_jpg.rf.370a75e6797d05a185c5493243e929b8.jpg","height":640,"width":640,"date_captured":"2024-02-07T12:32:31+00:00"},{"id":50,"license":1,"file_name":"august-24-2017-labuan-malaysia-260nw-710603782_jpg.rf.411373a8fda65dff5e2a975761476044.jpg","height":640,"width":640,"date_captured":"2024-02-07T12:32:31+00:00"},{"id":51,"license":1,"file_name":"bangkok-thailand-june-18-2016-260nw-438993364_jpg.rf.3f106319fbc36a197883d717a74443ad.jpg","height":640,"width":640,"date_captured":"2024-02-07T12:32:31+00:00"},{"id":52,"license":1,"file_name":"03012017-dji-phantom-flying-sky-260nw-554568589_jpg.rf.424488e80b2fca89f182bd2fcc3eae9d.jpg","height":640,"width":640,"date_captured":"2024-02-07T12:32:31+00:00"},{"id":53,"license":1,"file_name":"annapolis-md-march-10-2018-260nw-1047939244_jpg.rf.40bf246adb47de373fa067ff80279c59.jpg","height":640,"width":640,"date_captured":"2024-02-07T12:32:31+00:00"},{"id":54,"license":1,"file_name":"bangkok-thailand-march-2018-dji-260nw-1068024125_jpg.rf.43fd3e7d607a2c174dbd212540b22c0a.jpg","height":640,"width":640,"date_captured":"2024-02-07T12:32:31+00:00"},{"id":55,"license":1,"file_name":"bangkok-thailand-aug-13-2017-260nw-696179545_jpg.rf.42822a90e83c866625edcdd9ce8da2e9.jpg","height":640,"width":640,"date_captured":"2024-02-07T12:32:31+00:00"},{"id":56,"license":1,"file_name":"bangkok-thailand-june-18-2016-260nw-438989980_jpg.rf.42e042aced5bb3f2ac5ce999b4a41160.jpg","height":640,"width":640,"date_captured":"2024-02-07T12:32:31+00:00"},{"id":57,"license":1,"file_name":"astana-kazakhstan-december-18-2017-260nw-778117537_jpg.rf.42e9af05d4fd5ad8c839e67bdd1e1721.jpg","height":640,"width":640,"date_captured":"2024-02-07T12:32:31+00:00"},{"id":58,"license":1,"file_name":"bangkok-thailandmay-16-2016-drone-260nw-421674451_jpg.rf.43e8b5f207c2a5b17a87eb3615a45eda.jpg","height":640,"width":640,"date_captured":"2024-02-07T12:32:31+00:00"},{"id":59,"license":1,"file_name":"august-24-2017-labuan-malaysia-260nw-703211410_jpg.rf.44850cdb75be825f4c8bf128f751fae8.jpg","height":640,"width":640,"date_captured":"2024-02-07T12:32:31+00:00"},{"id":60,"license":1,"file_name":"august-24-2017-labuan-malaysia-260nw-705711541_jpg.rf.44e26f344d695aff29b7088caaa24bb1.jpg","height":640,"width":640,"date_captured":"2024-02-07T12:32:31+00:00"},{"id":61,"license":1,"file_name":"almere-netherlands-september-29-2017-260nw-724434277_jpg.rf.45a25e42ea638cc27ae6e1bd2ada135e.jpg","height":640,"width":640,"date_captured":"2024-02-07T12:32:31+00:00"},{"id":62,"license":1,"file_name":"bangkok-thailand-june-18-2016-260nw-438990694_jpg.rf.462726a5f71c8a36b299ee456c45e6b0.jpg","height":640,"width":640,"date_captured":"2024-02-07T12:32:31+00:00"},{"id":63,"license":1,"file_name":"bangkok-thailand-june-18-2016-260nw-438990724_jpg.rf.42f71e22ed7808ef33cbf46ee07f1590.jpg","height":640,"width":640,"date_captured":"2024-02-07T12:32:31+00:00"},{"id":64,"license":1,"file_name":"bangkok-thailand-august-21-2016-260nw-491046835_jpg.rf.47de4329edc60bb85e53dbc5dab564fd.jpg","height":640,"width":640,"date_captured":"2024-02-07T12:32:31+00:00"},{"id":65,"license":1,"file_name":"bangkok-jul-2-dji-drone-260nw-1079518301_jpg.rf.523f3bb6e2349825f660eb33b8f83e03.jpg","height":640,"width":640,"date_captured":"2024-02-07T12:32:31+00:00"},{"id":66,"license":1,"file_name":"bangkok-thailand-october-10-2017-260nw-732612952_jpg.rf.4b05f13bf4941dbc9f669e6185f62a10.jpg","height":640,"width":640,"date_captured":"2024-02-07T12:32:31+00:00"},{"id":67,"license":1,"file_name":"18th-july-2017-kuantanpahangmalaysia-dji-260nw-681114916_jpg.rf.4a5e367c03254eef7123c857b806fe89.jpg","height":640,"width":640,"date_captured":"2024-02-07T12:32:31+00:00"},{"id":68,"license":1,"file_name":"astana-kazakhstan-december-18-2017-260nw-777449599_jpg.rf.523d6aa4c3be5ded56fea85af80b1e34.jpg","height":640,"width":640,"date_captured":"2024-02-07T12:32:31+00:00"},{"id":69,"license":1,"file_name":"bangkok-thailand-june-18-2016-260nw-438992662_jpg.rf.4e40c9040071b6093065244beae6b130.jpg","height":640,"width":640,"date_captured":"2024-02-07T12:32:31+00:00"},{"id":70,"license":1,"file_name":"bangkok-thailand-27-january-2018flying-260nw-1048961168_jpg.rf.55860f0962a8b2c1bb69f0cb919a4a2b.jpg","height":640,"width":640,"date_captured":"2024-02-07T12:32:31+00:00"},{"id":71,"license":1,"file_name":"bangkok-thailand-june-18-2016-260nw-438990652_jpg.rf.5728a348af7feeb4174fa58fcb9f4c73.jpg","height":640,"width":640,"date_captured":"2024-02-07T12:32:31+00:00"},{"id":72,"license":1,"file_name":"bangkok-thailand-october-11-image-260nw-733128652_jpg.rf.53757e1e70b241c8fc8d1fce1f30a1b8.jpg","height":640,"width":640,"date_captured":"2024-02-07T12:32:31+00:00"},{"id":73,"license":1,"file_name":"bangkok-thailand-june-18-2016-260nw-438993493_jpg.rf.5d710b10121cb22654fe47f1fab5b096.jpg","height":640,"width":640,"date_captured":"2024-02-07T12:32:31+00:00"},{"id":74,"license":1,"file_name":"bangkok-thailand-27-january-2018-260nw-1048954211_jpg.rf.56d1c56a3de0d22d8457ae80c3385811.jpg","height":640,"width":640,"date_captured":"2024-02-07T12:32:31+00:00"},{"id":75,"license":1,"file_name":"calgary-ab-aug-19-2016-260nw-582367219_jpg.rf.5bfbd8f496407c3e65d3cf046c756e26.jpg","height":640,"width":640,"date_captured":"2024-02-07T12:32:31+00:00"},{"id":76,"license":1,"file_name":"bangkok-thailand-june-18-2016-260nw-438990667_jpg.rf.59e470d37684fa8e92eac9d64f00aa01.jpg","height":640,"width":640,"date_captured":"2024-02-07T12:32:31+00:00"},{"id":77,"license":1,"file_name":"berlin-germany-june-06-2017-260nw-682553632_jpg.rf.5c431f2c5c299f49bb769b6c72805ae3.jpg","height":640,"width":640,"date_captured":"2024-02-07T12:32:31+00:00"},{"id":78,"license":1,"file_name":"budapest-hungary-december-10-2017-260nw-1034092768_jpg.rf.585a0c5dbfddbbf006fd39e00d06d4c0.jpg","height":640,"width":640,"date_captured":"2024-02-07T12:32:31+00:00"},{"id":79,"license":1,"file_name":"bangkok-thailand-june-18-2016-260nw-438992743_jpg.rf.5dc25acf67b71ac7cba8398fccde7ba8.jpg","height":640,"width":640,"date_captured":"2024-02-07T12:32:31+00:00"},{"id":80,"license":1,"file_name":"bangkok-thailand-august-14-2016-260nw-468332918_jpg.rf.6149a4fd9f297e6b7cb38b0640922d6e.jpg","height":640,"width":640,"date_captured":"2024-02-07T12:32:31+00:00"},{"id":81,"license":1,"file_name":"bangkok-thailand-june-18-2016-260nw-438992626_jpg.rf.635108be2fd3b66a2abb41c399a8ca6d.jpg","height":640,"width":640,"date_captured":"2024-02-07T12:32:31+00:00"},{"id":82,"license":1,"file_name":"chanburi-thailand-11-april-2017-260nw-633128864_jpg.rf.65fae3b79f6efa9382e5632de364dc00.jpg","height":640,"width":640,"date_captured":"2024-02-07T12:32:31+00:00"},{"id":83,"license":1,"file_name":"august-24-2017-labuan-malaysia-260nw-710629672_jpg.rf.50272b3ae7f41e4bb3a1477c5e1110fa.jpg","height":640,"width":640,"date_captured":"2024-02-07T12:32:31+00:00"},{"id":84,"license":1,"file_name":"bangkok-thailand-june-18-2016-260nw-438990718_jpg.rf.68ebb6f6805517c64930b3fb8c68db62.jpg","height":640,"width":640,"date_captured":"2024-02-07T12:32:31+00:00"},{"id":85,"license":1,"file_name":"chonburi-thailand-10-march-2017-260nw-610395056_jpg.rf.66310a87bd0bcc7a04ca65db4570605b.jpg","height":640,"width":640,"date_captured":"2024-02-07T12:32:31+00:00"},{"id":86,"license":1,"file_name":"bangkok-thailandmay-16-2016-drone-260nw-421674307_jpg.rf.6716b222106aca4565a03b7eb1967824.jpg","height":640,"width":640,"date_captured":"2024-02-07T12:32:31+00:00"},{"id":87,"license":1,"file_name":"athens-greece-march-30-2015-260nw-317587421_jpg.rf.6a33687e8e49cf53cf5e282c0edcdc55.jpg","height":640,"width":640,"date_captured":"2024-02-07T12:32:31+00:00"},{"id":88,"license":1,"file_name":"bangkok-thailand-june-18-2016-260nw-438990733_jpg.rf.6a03954f43364b6dd6a438ebbf9f4c33.jpg","height":640,"width":640,"date_captured":"2024-02-07T12:32:31+00:00"},{"id":89,"license":1,"file_name":"bangkok-thailandmay-16-2016-drone-260nw-421674439_jpg.rf.6fd36909f84421a41d4c6dfa52dbae93.jpg","height":640,"width":640,"date_captured":"2024-02-07T12:32:31+00:00"},{"id":90,"license":1,"file_name":"bangkok-thailand-june-18-2016-260nw-438990691_jpg.rf.70ffdb82a4a76a8881e1990a0ed251ce.jpg","height":640,"width":640,"date_captured":"2024-02-07T12:32:31+00:00"},{"id":91,"license":1,"file_name":"astana-kazakhstan-december-18-2017-260nw-777449344_jpg.rf.68289055c149dcfa48658e3be5e1356f.jpg","height":640,"width":640,"date_captured":"2024-02-07T12:32:31+00:00"},{"id":92,"license":1,"file_name":"chiang-mai-thailand-jan-23-260nw-446130538_jpg.rf.715b1f5854fb2bc6cb893a6a91c379b4.jpg","height":640,"width":640,"date_captured":"2024-02-07T12:32:31+00:00"},{"id":93,"license":1,"file_name":"bangkok-thailand-june-18-2016-260nw-438993499_jpg.rf.71209d60df06dcecfbd8f48e37f96174.jpg","height":640,"width":640,"date_captured":"2024-02-07T12:32:31+00:00"},{"id":94,"license":1,"file_name":"bangkok-thailand-june-18-2016-260nw-438993448_jpg.rf.6b7c95bfb89e36f7a35b4cd721942529.jpg","height":640,"width":640,"date_captured":"2024-02-07T12:32:31+00:00"},{"id":95,"license":1,"file_name":"bangkok-thailand-november-14-2016-260nw-515226532_jpg.rf.713d7cd4652e100c850f4ededb2c0e8a.jpg","height":640,"width":640,"date_captured":"2024-02-07T12:32:31+00:00"},{"id":96,"license":1,"file_name":"bangkok-thailand-june-18-2016-260nw-438990682_jpg.rf.78ccdbd60e21a3c8ebdbc9c11d755f2c.jpg","height":640,"width":640,"date_captured":"2024-02-07T12:32:31+00:00"},{"id":97,"license":1,"file_name":"bangkok-thailand-june-18-2016-260nw-438992704_jpg.rf.780fe45c654a04141de236000c74f281.jpg","height":640,"width":640,"date_captured":"2024-02-07T12:32:31+00:00"},{"id":98,"license":1,"file_name":"bangkok-thailandmay-16-2016-drone-260nw-421674493_jpg.rf.7c765654c94eba658483b1bbe23cc166.jpg","height":640,"width":640,"date_captured":"2024-02-07T12:32:31+00:00"},{"id":99,"license":1,"file_name":"chon-buri-thailand-june-24-260nw-1124858261_jpg.rf.6bacf2fc1e01be9212f1c3f60932183b.jpg","height":640,"width":640,"date_captured":"2024-02-07T12:32:31+00:00"},{"id":100,"license":1,"file_name":"beautiful-scenic-aerial-drone-view-260nw-1076833079_jpg.rf.8197704d01e7e50a67e5639161338ec7.jpg","height":640,"width":640,"date_captured":"2024-02-07T12:32:31+00:00"},{"id":101,"license":1,"file_name":"august-24-2017-labuan-malaysia-260nw-710629651_jpg.rf.74ee53c5fef22973b2275bc89c2104e6.jpg","height":640,"width":640,"date_captured":"2024-02-07T12:32:31+00:00"},{"id":102,"license":1,"file_name":"bangkok-thailand-june-18-2016-260nw-438989974_jpg.rf.7f327865689470f109910fed79def5e1.jpg","height":640,"width":640,"date_captured":"2024-02-07T12:32:31+00:00"},{"id":103,"license":1,"file_name":"bangkok-thailand-jun-25-2017-260nw-666929797_jpg.rf.7c778eadf797be5a3856f5536ab4515c.jpg","height":640,"width":640,"date_captured":"2024-02-07T12:32:31+00:00"},{"id":104,"license":1,"file_name":"astana-kazakhstan-september-2-2017-260nw-726603313_jpg.rf.7f33501945cad700d746af740cc6d4a4.jpg","height":640,"width":640,"date_captured":"2024-02-07T12:32:31+00:00"},{"id":105,"license":1,"file_name":"bangkok-thailand-june-18-2016-260nw-438992656_jpg.rf.81da878b2e91793782432a7bb9f65c1d.jpg","height":640,"width":640,"date_captured":"2024-02-07T12:32:31+00:00"},{"id":106,"license":1,"file_name":"bangkok-thailand-june-18-2016-260nw-438989968_jpg.rf.8031753635d61468b7baeaa8b6dad5b8.jpg","height":640,"width":640,"date_captured":"2024-02-07T12:32:31+00:00"},{"id":107,"license":1,"file_name":"berlin-germany-june-06-quadrocopter-260nw-781221820_jpg.rf.82f43ab9c09eeaeb95a2060c98302928.jpg","height":640,"width":640,"date_captured":"2024-02-07T12:32:31+00:00"},{"id":108,"license":1,"file_name":"budapest-hungary-december-10-2017-260nw-1106154548_jpg.rf.7c0e178f7f41dfd9564874548350d8f6.jpg","height":640,"width":640,"date_captured":"2024-02-07T12:32:31+00:00"},{"id":109,"license":1,"file_name":"bangkok-thailand-october-10-2017-260nw-732642682_jpg.rf.84d6d1a748c03466f87772f590226162.jpg","height":640,"width":640,"date_captured":"2024-02-07T12:32:31+00:00"},{"id":110,"license":1,"file_name":"bangkok-thailand-june-18-2016-260nw-438992620_jpg.rf.8e507cc006fffa2d832bcb668a171aa3.jpg","height":640,"width":640,"date_captured":"2024-02-07T12:32:31+00:00"},{"id":111,"license":1,"file_name":"bangkok-thailand-june-18-2016-260nw-438990685_jpg.rf.8af078443faced324914783415a183f6.jpg","height":640,"width":640,"date_captured":"2024-02-07T12:32:31+00:00"},{"id":112,"license":1,"file_name":"chiangmai-thailand-september-42016-image-260nw-478015633_jpg.rf.8f0a959d4757618edb7f9e498066dd2e.jpg","height":640,"width":640,"date_captured":"2024-02-07T12:32:31+00:00"},{"id":113,"license":1,"file_name":"bangkok-thailand-august-212017-photo-260nw-699784558_jpg.rf.86475f16716b98727de3fa044ace2794.jpg","height":640,"width":640,"date_captured":"2024-02-07T12:32:31+00:00"},{"id":114,"license":1,"file_name":"03012017-dji-phantom-flying-sky-260nw-555436897_jpg.rf.908b436adb112e058ffb13ca509aadb9.jpg","height":640,"width":640,"date_captured":"2024-02-07T12:32:31+00:00"},{"id":115,"license":1,"file_name":"august-24-2017-unmanned-aerial-260nw-702820960_jpg.rf.8efc932e5540e923e3dd4155beaf75b7.jpg","height":640,"width":640,"date_captured":"2024-02-07T12:32:31+00:00"},{"id":116,"license":1,"file_name":"carr-co-usa-april-12-260nw-622772456_jpg.rf.93318087876000cac2408aeeae7bb008.jpg","height":640,"width":640,"date_captured":"2024-02-07T12:32:31+00:00"},{"id":117,"license":1,"file_name":"astana-kazakhstan-december-18-2017-260nw-778118074_jpg.rf.8d68bdd23cf13d1634726601daaab3e5.jpg","height":640,"width":640,"date_captured":"2024-02-07T12:32:31+00:00"},{"id":118,"license":1,"file_name":"chanburi-thailand-11-april-2017-260nw-633128867_jpg.rf.97ffeed6deaddb6eda7e6db33d3b28e1.jpg","height":640,"width":640,"date_captured":"2024-02-07T12:32:31+00:00"},{"id":119,"license":1,"file_name":"astana-kazakhstan-september-2-2017-260nw-721055809_jpg.rf.921bff5b4ee4749adec83f8ded940508.jpg","height":640,"width":640,"date_captured":"2024-02-07T12:32:31+00:00"},{"id":120,"license":1,"file_name":"bangkok-thailand-june-18-2016-260nw-438990550_jpg.rf.9594f7c892c661370e2bf51cb1bfab46.jpg","height":640,"width":640,"date_captured":"2024-02-07T12:32:31+00:00"},{"id":121,"license":1,"file_name":"blackie-ab-july-13-2016-260nw-582367228_jpg.rf.858a10f5c3f4fe3d519184353baafb89.jpg","height":640,"width":640,"date_captured":"2024-02-07T12:32:31+00:00"},{"id":122,"license":1,"file_name":"almere-netherlands-september-29-2017-260nw-724434289_jpg.rf.9d91c0d81f99e3c98ca34925c41f273e.jpg","height":640,"width":640,"date_captured":"2024-02-07T12:32:31+00:00"},{"id":123,"license":1,"file_name":"bangkok-thailand-june-18-2016-260nw-438992692_jpg.rf.985e8194ff6d306f4b681425b6461401.jpg","height":640,"width":640,"date_captured":"2024-02-07T12:32:31+00:00"},{"id":124,"license":1,"file_name":"bangkok-thailand-november-14-2016-260nw-515756776_jpg.rf.a0c6e7f901736e94b0d7eabe71660b5e.jpg","height":640,"width":640,"date_captured":"2024-02-07T12:32:31+00:00"},{"id":125,"license":1,"file_name":"bangkok-thailand-june-18-2016-260nw-438993367_jpg.rf.9eb17583887fc95de89da86a16d8f6d8.jpg","height":640,"width":640,"date_captured":"2024-02-07T12:32:31+00:00"},{"id":126,"license":1,"file_name":"bangkok-thailand-october-11-image-260nw-733146361_jpg.rf.98e643b2387abf05145b5926326fcf63.jpg","height":640,"width":640,"date_captured":"2024-02-07T12:32:31+00:00"},{"id":127,"license":1,"file_name":"bangkok-thailand-july-2018-dji-260nw-1135452209_jpg.rf.9f302eabc6ca5a4c5a1cfee7cfd21cef.jpg","height":640,"width":640,"date_captured":"2024-02-07T12:32:31+00:00"},{"id":128,"license":1,"file_name":"bangkok-thailandmay-16-2016-drone-260nw-421674406_jpg.rf.967a0ab992c1bb015c4899ce578524f9.jpg","height":640,"width":640,"date_captured":"2024-02-07T12:32:31+00:00"},{"id":129,"license":1,"file_name":"bangkok-thailand-june-18-2016-260nw-438990031_jpg.rf.a256acf1991776b6dbe14750b1c1bae5.jpg","height":640,"width":640,"date_captured":"2024-02-07T12:32:31+00:00"},{"id":130,"license":1,"file_name":"august-24-2017-labuan-malaysia-260nw-706013707_jpg.rf.a2572ed52ae89eb5b8d5403451c6afc5.jpg","height":640,"width":640,"date_captured":"2024-02-07T12:32:31+00:00"},{"id":131,"license":1,"file_name":"august-24-2017-labuan-malaysia-260nw-702820975_jpg.rf.a2e814041e06d2e5396a10246be5f725.jpg","height":640,"width":640,"date_captured":"2024-02-07T12:32:31+00:00"},{"id":132,"license":1,"file_name":"03012017-dji-phantom-flying-sky-260nw-555436900_jpg.rf.a81af85195241dc67d190bb3d27faf09.jpg","height":640,"width":640,"date_captured":"2024-02-07T12:32:31+00:00"},{"id":133,"license":1,"file_name":"astana-kazakhstan-september-2-2017-260nw-721055806_jpg.rf.a80a6667275104a199dc7ae388385f83.jpg","height":640,"width":640,"date_captured":"2024-02-07T12:32:31+00:00"},{"id":134,"license":1,"file_name":"bangkok-thailand-june-18-2016-260nw-438992638_jpg.rf.a4276de7e8b061288200b5609e3c4eb6.jpg","height":640,"width":640,"date_captured":"2024-02-07T12:32:31+00:00"},{"id":135,"license":1,"file_name":"athens-greece-october-12-2014-260nw-228976960_jpg.rf.a77bca89ff4b6d60e0332e195456602a.jpg","height":640,"width":640,"date_captured":"2024-02-07T12:32:31+00:00"},{"id":136,"license":1,"file_name":"09-february-2017-ufa-russia-260nw-1062173864_jpg.rf.ac1bab52a179b21820d6a1f1b5b0b25b.jpg","height":640,"width":640,"date_captured":"2024-02-07T12:32:31+00:00"},{"id":137,"license":1,"file_name":"brasil-bernardo-do-campo-abr-260nw-1061324156_jpg.rf.abe841a72e8513a3337eeb27ecec9e9a.jpg","height":640,"width":640,"date_captured":"2024-02-07T12:32:31+00:00"},{"id":138,"license":1,"file_name":"bangkok-thailand-november-14-2016-260nw-515756788_jpg.rf.ae6e337be42adc1eca16df3894ab8b5f.jpg","height":640,"width":640,"date_captured":"2024-02-07T12:32:31+00:00"},{"id":139,"license":1,"file_name":"athens-greece-march-30-2015-260nw-317587412_jpg.rf.ac71ec45c9478367ac9dd3170b3719ef.jpg","height":640,"width":640,"date_captured":"2024-02-07T12:32:31+00:00"},{"id":140,"license":1,"file_name":"bologna-italy-may-3-2014-260nw-205024114_jpg.rf.b212486f6cec4699a405be44102d7475.jpg","height":640,"width":640,"date_captured":"2024-02-07T12:32:31+00:00"},{"id":141,"license":1,"file_name":"03012017-dji-phantom-flying-sky-260nw-554568607_jpg.rf.a4ce5727709d4135fb49ccd2ba506a10.jpg","height":640,"width":640,"date_captured":"2024-02-07T12:32:31+00:00"},{"id":142,"license":1,"file_name":"august-24-2017-labuan-malaysia-260nw-705820261_jpg.rf.a8f7235b8e69c31a0bcc120d42066a98.jpg","height":640,"width":640,"date_captured":"2024-02-07T12:32:31+00:00"},{"id":143,"license":1,"file_name":"09-february-2017-ufa-russia-260nw-1062076787_jpg.rf.b79d8bbd9f28fbcaec62a5e85afd9a37.jpg","height":640,"width":640,"date_captured":"2024-02-07T12:32:31+00:00"},{"id":144,"license":1,"file_name":"auckland-new-zealand-may-6-260nw-645228424_jpg.rf.a70fefdd459da49db279efbd3a710754.jpg","height":640,"width":640,"date_captured":"2024-02-07T12:32:31+00:00"},{"id":145,"license":1,"file_name":"chonburi-thailand-december-7-2017-260nw-786563431_jpg.rf.b38f6916dcd83130a40280fc280a39b3.jpg","height":640,"width":640,"date_captured":"2024-02-07T12:32:31+00:00"},{"id":146,"license":1,"file_name":"bombinhas-santa-catarina-brazil-april-260nw-1107804776_jpg.rf.aa2273f74a4eb53081a1d6d94dfadcdb.jpg","height":640,"width":640,"date_captured":"2024-02-07T12:32:31+00:00"},{"id":147,"license":1,"file_name":"bangkok-thailand-june-18-2016-260nw-438990661_jpg.rf.aef66a790e62881bd32e731d380a37be.jpg","height":640,"width":640,"date_captured":"2024-02-07T12:32:31+00:00"},{"id":148,"license":1,"file_name":"bangkok-thailand-14-march-2018-260nw-1067035427_jpg.rf.b34d8130c6288ad08c0914b653862a2e.jpg","height":640,"width":640,"date_captured":"2024-02-07T12:32:31+00:00"},{"id":149,"license":1,"file_name":"berlin-germany-june-06-2017-260nw-682553650_jpg.rf.ba82caa03479e6c07fafbf1a0e75110d.jpg","height":640,"width":640,"date_captured":"2024-02-07T12:32:31+00:00"},{"id":150,"license":1,"file_name":"bangkok-thailand-june-18-2016-260nw-438990655_jpg.rf.bdf5fd5fde96a840cdb68aeb03e7d9cd.jpg","height":640,"width":640,"date_captured":"2024-02-07T12:32:31+00:00"},{"id":151,"license":1,"file_name":"astana-kazakhstan-december-18-2017-260nw-777450178_jpg.rf.bcbe8fa81466db2b04edf783daf8643c.jpg","height":640,"width":640,"date_captured":"2024-02-07T12:32:31+00:00"},{"id":152,"license":1,"file_name":"astana-kazakhstan-september-2-2017-260nw-726603310_jpg.rf.bc3868987ee0f9a28c94d45d49cb0aef.jpg","height":640,"width":640,"date_captured":"2024-02-07T12:32:31+00:00"},{"id":153,"license":1,"file_name":"august-24-2017-labuan-malaysia-260nw-702849181_jpg.rf.b0ee24468cde695272bcd7d7519eb162.jpg","height":640,"width":640,"date_captured":"2024-02-07T12:32:31+00:00"},{"id":154,"license":1,"file_name":"chanburi-thailand-11-april-2017-260nw-633128882_jpg.rf.ba9618df2a717bb09b237f012424c3c7.jpg","height":640,"width":640,"date_captured":"2024-02-07T12:32:31+00:00"},{"id":155,"license":1,"file_name":"bangkok-thailand-november-14-2016-260nw-515756773_jpg.rf.beea968155bdd3c0bccd92c2a4083dcc.jpg","height":640,"width":640,"date_captured":"2024-02-07T12:32:31+00:00"},{"id":156,"license":1,"file_name":"chiang-mai-thailand-october-13-260nw-501699415_jpg.rf.c01a959162dba58aaec2417e001b52cb.jpg","height":640,"width":640,"date_captured":"2024-02-07T12:32:31+00:00"},{"id":157,"license":1,"file_name":"budapest-hungary-december-10-2017-260nw-788912368_jpg.rf.bf076136985632a2a46111bc91628b98.jpg","height":640,"width":640,"date_captured":"2024-02-07T12:32:31+00:00"},{"id":158,"license":1,"file_name":"annapolis-md-march-10-2018-260nw-1047939241_jpg.rf.bf7d77c8385e4fd19fc7e900fb65e24c.jpg","height":640,"width":640,"date_captured":"2024-02-07T12:32:31+00:00"},{"id":159,"license":1,"file_name":"chiang-maithailand-july-11-2015-260nw-444993319_jpg.rf.bebf13d3617d717347209d5fbfe33843.jpg","height":640,"width":640,"date_captured":"2024-02-07T12:32:31+00:00"},{"id":160,"license":1,"file_name":"august-24-2017-labuan-malaysia-260nw-706015111_jpg.rf.c64589260ff57eb151a46d80e5961276.jpg","height":640,"width":640,"date_captured":"2024-02-07T12:32:31+00:00"},{"id":161,"license":1,"file_name":"bangkok-thailandnovember2hand-reaching-landing-approch-260nw-334116455_jpg.rf.c84a098a87a23be6e9ef87d00e415f60.jpg","height":640,"width":640,"date_captured":"2024-02-07T12:32:31+00:00"},{"id":162,"license":1,"file_name":"bangkok-thailand-november-14-2016-260nw-521776258_jpg.rf.c51cf86538090b4eb1eb572a5c5cc20a.jpg","height":640,"width":640,"date_captured":"2024-02-07T12:32:31+00:00"},{"id":163,"license":1,"file_name":"astana-kazakhstan-september-2-2017-260nw-721055815_jpg.rf.c618d385a7e679f58fb68e2d326c794a.jpg","height":640,"width":640,"date_captured":"2024-02-07T12:32:31+00:00"},{"id":164,"license":1,"file_name":"carr-co-usa-april-12-260nw-621101777_jpg.rf.c194816ebb4d2db285a8e166d09ad17f.jpg","height":640,"width":640,"date_captured":"2024-02-07T12:32:31+00:00"},{"id":165,"license":1,"file_name":"bangkok-thailand-july-162018-photo-260nw-1134856226_jpg.rf.c93d293d15468af95b334bf48e41680c.jpg","height":640,"width":640,"date_captured":"2024-02-07T12:32:31+00:00"},{"id":166,"license":1,"file_name":"august-24-2017-labuan-malaysia-260nw-703077394_jpg.rf.c503f93b28aae173136cdcd4b28e65c9.jpg","height":640,"width":640,"date_captured":"2024-02-07T12:32:31+00:00"},{"id":167,"license":1,"file_name":"bangkok-thailand-june-18-2016-260nw-438989989_jpg.rf.ca5cd880424ed4934ff6d9305c934fa2.jpg","height":640,"width":640,"date_captured":"2024-02-07T12:32:31+00:00"},{"id":168,"license":1,"file_name":"bangkok-thailand-june-18-2016-260nw-438990679_jpg.rf.c67a359414bb250e6b951a0324441618.jpg","height":640,"width":640,"date_captured":"2024-02-07T12:32:31+00:00"},{"id":169,"license":1,"file_name":"bangkok-thailand-june-18-2016-260nw-438992677_jpg.rf.cab38a5ef12ca7a762744328f9a60b41.jpg","height":640,"width":640,"date_captured":"2024-02-07T12:32:31+00:00"},{"id":170,"license":1,"file_name":"august-24-2017-labuan-malaysia-260nw-710603770_jpg.rf.c6ced58c08de9cfa85c780a52d3cd952.jpg","height":640,"width":640,"date_captured":"2024-02-07T12:32:31+00:00"},{"id":171,"license":1,"file_name":"budapest-hungary-december-10-2017-260nw-1021905223_jpg.rf.c94517dabd928e52b433085a516973f8.jpg","height":640,"width":640,"date_captured":"2024-02-07T12:32:31+00:00"},{"id":172,"license":1,"file_name":"bangkok-thailand-october-10-2017-260nw-732614827_jpg.rf.cdb360ec611132e9acc076ddaf811b34.jpg","height":640,"width":640,"date_captured":"2024-02-07T12:32:31+00:00"},{"id":173,"license":1,"file_name":"black-white-picture-man-holding-260nw-655566763_jpg.rf.cafdfd986bb6f2966833ef828ccd361d.jpg","height":640,"width":640,"date_captured":"2024-02-07T12:32:31+00:00"},{"id":174,"license":1,"file_name":"bologna-italy-may-3-2014-260nw-205130413_jpg.rf.ce1ee83e5dc22da4e124e5f7c86d7209.jpg","height":640,"width":640,"date_captured":"2024-02-07T12:32:31+00:00"},{"id":175,"license":1,"file_name":"carr-co-usa-april-12-260nw-622772453_jpg.rf.ce4e2dd76922b840cc35bada74186b72.jpg","height":640,"width":640,"date_captured":"2024-02-07T12:32:31+00:00"},{"id":176,"license":1,"file_name":"bangkok-thailand-november-14-2016-260nw-515226520_jpg.rf.ceae11d3dfaac53fe2cf24fe86d4bbc8.jpg","height":640,"width":640,"date_captured":"2024-02-07T12:32:31+00:00"},{"id":177,"license":1,"file_name":"bangkok-thailand-june-18-2016-260nw-438990676_jpg.rf.cfefc4e608ed78aec3bd028606d88245.jpg","height":640,"width":640,"date_captured":"2024-02-07T12:32:31+00:00"},{"id":178,"license":1,"file_name":"bangkok-thailand-august-212017-photo-260nw-699784561_jpg.rf.d5c520fff53c8e602785a59e56f68b26.jpg","height":640,"width":640,"date_captured":"2024-02-07T12:32:31+00:00"},{"id":179,"license":1,"file_name":"bangkok-thailand-june-18-2016-260nw-438990007_jpg.rf.cff25c7ba1429f4e67c87a5cb5d49c1c.jpg","height":640,"width":640,"date_captured":"2024-02-07T12:32:31+00:00"},{"id":180,"license":1,"file_name":"bangkok-thailand-june-18-2016-260nw-438993511_jpg.rf.d0db8e94402df989235d37d809ea529f.jpg","height":640,"width":640,"date_captured":"2024-02-07T12:32:31+00:00"},{"id":181,"license":1,"file_name":"bangkok-thailand-november-14-2016-260nw-515756785_jpg.rf.d68196edbca2841828a2b8a285b0560d.jpg","height":640,"width":640,"date_captured":"2024-02-07T12:32:31+00:00"},{"id":182,"license":1,"file_name":"bangkok-thailand-june-18-2016-260nw-438992650_jpg.rf.d49c59dc49672b46df0039bd28f22e04.jpg","height":640,"width":640,"date_captured":"2024-02-07T12:32:31+00:00"},{"id":183,"license":1,"file_name":"bangkok-thailand-june-18-2016-260nw-438993397_jpg.rf.da74e2eed1076d31071dccb97bdf3f20.jpg","height":640,"width":640,"date_captured":"2024-02-07T12:32:31+00:00"},{"id":184,"license":1,"file_name":"bangkok-thailand-march-4-2017-260nw-603926267_jpg.rf.db102204e0452225194e5237d3748a24.jpg","height":640,"width":640,"date_captured":"2024-02-07T12:32:31+00:00"},{"id":185,"license":1,"file_name":"bangkok-thailandmay-16-2016-drone-260nw-421674295_jpg.rf.d7c8a15b9988533fde4fe3ac2e175be5.jpg","height":640,"width":640,"date_captured":"2024-02-07T12:32:31+00:00"},{"id":186,"license":1,"file_name":"athens-greece-march-30-2015-260nw-317456903_jpg.rf.d1f98ed48e78173680a369e54dd82de5.jpg","height":640,"width":640,"date_captured":"2024-02-07T12:32:31+00:00"},{"id":187,"license":1,"file_name":"25-may-2018-lviv-ukraine-260nw-1109034164_jpg.rf.cec11b3b8d7104ada4c8acc5391e6ec0.jpg","height":640,"width":640,"date_captured":"2024-02-07T12:32:31+00:00"},{"id":188,"license":1,"file_name":"bangkok-thailand-march-22closeup-on-260nw-1052212496_jpg.rf.ddf6789942eac2cdf11ffb324f778774.jpg","height":640,"width":640,"date_captured":"2024-02-07T12:32:31+00:00"},{"id":189,"license":1,"file_name":"bangkok-thailand-june-18-2016-260nw-438992731_jpg.rf.de02da74d650b95622f8e3623f8c97e3.jpg","height":640,"width":640,"date_captured":"2024-02-07T12:32:31+00:00"},{"id":190,"license":1,"file_name":"chanburi-thailand-11-april-2017-260nw-633128861_jpg.rf.d9fc4df2308fdef9f906adc7105d8e7e.jpg","height":640,"width":640,"date_captured":"2024-02-07T12:32:31+00:00"},{"id":191,"license":1,"file_name":"03012017-dji-phantom-flying-sky-260nw-554568724_jpg.rf.e06cd619483963a5be4a61ccecdcdb5e.jpg","height":640,"width":640,"date_captured":"2024-02-07T12:32:31+00:00"},{"id":192,"license":1,"file_name":"bangkok-thailand-november-14-2016-260nw-515226529_jpg.rf.e4f068df7b712381d7de4c5723ec4b03.jpg","height":640,"width":640,"date_captured":"2024-02-07T12:32:31+00:00"},{"id":193,"license":1,"file_name":"bangkok-thailand-june-18-2016-260nw-438992611_jpg.rf.e51e1707711ab4ea0f31250e77eb0124.jpg","height":640,"width":640,"date_captured":"2024-02-07T12:32:31+00:00"},{"id":194,"license":1,"file_name":"august-24-2017-labuan-malaysia-260nw-703211650_jpg.rf.dd597f170bc111d3e705c7e7b187b0e6.jpg","height":640,"width":640,"date_captured":"2024-02-07T12:32:31+00:00"},{"id":195,"license":1,"file_name":"bethesda-md-november-10-2017-260nw-753012529_jpg.rf.e6183962cd485a06c1711ef23d36c2c3.jpg","height":640,"width":640,"date_captured":"2024-02-07T12:32:31+00:00"},{"id":196,"license":1,"file_name":"bangkok-thailand-june-18-2016-260nw-438992698_jpg.rf.e851cd662d6b958144fcddedf08355c0.jpg","height":640,"width":640,"date_captured":"2024-02-07T12:32:31+00:00"},{"id":197,"license":1,"file_name":"bangkok-thailand-june-18-2016-260nw-438992641_jpg.rf.e31d407a4a92b1f47ecb4ee29e23b675.jpg","height":640,"width":640,"date_captured":"2024-02-07T12:32:31+00:00"},{"id":198,"license":1,"file_name":"bangkok-thailand-june-18-2016-260nw-438992686_jpg.rf.ef86378598ec25850cd7952436ce7a8c.jpg","height":640,"width":640,"date_captured":"2024-02-07T12:32:31+00:00"},{"id":199,"license":1,"file_name":"august-24-2017-labuan-malaysia-260nw-703155409_jpg.rf.e51b58d4436fe3fc94b191c7be1d88ac.jpg","height":640,"width":640,"date_captured":"2024-02-07T12:32:31+00:00"},{"id":200,"license":1,"file_name":"berlin-germany-june-06-2017-260nw-707648656_jpg.rf.eb3985e786287dbef37b22266328156d.jpg","height":640,"width":640,"date_captured":"2024-02-07T12:32:31+00:00"},{"id":201,"license":1,"file_name":"bangkok-thailand-may-13-2017-260nw-695560609_jpg.rf.e4067e78a3886f7cbc0099f0f9cfc1cb.jpg","height":640,"width":640,"date_captured":"2024-02-07T12:32:31+00:00"},{"id":202,"license":1,"file_name":"bangkok-thailand-june-18-2016-260nw-438992605_jpg.rf.ee3a74c4675cd8e73adfc87cf6f886cb.jpg","height":640,"width":640,"date_captured":"2024-02-07T12:32:31+00:00"},{"id":203,"license":1,"file_name":"bangkok-thailand-may-15-2016-260nw-420618232_jpg.rf.e784c1479122ff9acf825adab27ff2c8.jpg","height":640,"width":640,"date_captured":"2024-02-07T12:32:31+00:00"},{"id":204,"license":1,"file_name":"bangkok-thailand-june-18-2016-260nw-438993424_jpg.rf.ef1ebe6bd1fa821c61c9bd8b0100a202.jpg","height":640,"width":640,"date_captured":"2024-02-07T12:32:31+00:00"},{"id":205,"license":1,"file_name":"bangkok-thailandmay-16-2016-drone-260nw-421674430_jpg.rf.f124b65241a9718324e657ad83bedaf1.jpg","height":640,"width":640,"date_captured":"2024-02-07T12:32:31+00:00"},{"id":206,"license":1,"file_name":"bangkok-thailand-july-2018-dji-260nw-1135451987_jpg.rf.f044c450224be7592ea4e1937fba8dc1.jpg","height":640,"width":640,"date_captured":"2024-02-07T12:32:31+00:00"},{"id":207,"license":1,"file_name":"august-24-2017-labuan-malaysia-260nw-710602144_jpg.rf.f1a968e9f6d945423c8db13b68e3c384.jpg","height":640,"width":640,"date_captured":"2024-02-07T12:32:31+00:00"},{"id":208,"license":1,"file_name":"berlin-germany-june-06-2017-260nw-682553644_jpg.rf.f11f5ad0e90ca0d4a646e5e9176321c4.jpg","height":640,"width":640,"date_captured":"2024-02-07T12:32:31+00:00"},{"id":209,"license":1,"file_name":"bangkok-thailand-june-18-2016-260nw-438992614_jpg.rf.fa53b52eba3fe8a0837a71c7db2ebba6.jpg","height":640,"width":640,"date_captured":"2024-02-07T12:32:31+00:00"},{"id":210,"license":1,"file_name":"bangkok-thailand-june-18-2016-260nw-438993460_jpg.rf.f6defc84aa0caec35c30918851c6d75d.jpg","height":640,"width":640,"date_captured":"2024-02-07T12:32:31+00:00"},{"id":211,"license":1,"file_name":"bangkok-thailand-june-18-2016-260nw-438990715_jpg.rf.f611ec2e357e2e7c124bc9de36e03e3a.jpg","height":640,"width":640,"date_captured":"2024-02-07T12:32:31+00:00"},{"id":212,"license":1,"file_name":"bangkok-thailandmay-16-2016-drone-260nw-421674379_jpg.rf.f438e5515fd6f850ac16f7b2499c75f8.jpg","height":640,"width":640,"date_captured":"2024-02-07T12:32:31+00:00"},{"id":213,"license":1,"file_name":"cherkasst-ukraina-june-17-2016white-260nw-457842415_jpg.rf.fb809978c7e1da357bad3bb729a47b9a.jpg","height":640,"width":640,"date_captured":"2024-02-07T12:32:31+00:00"},{"id":214,"license":1,"file_name":"bangkok-thailand-june-18-2016-260nw-438993481_jpg.rf.fe947ab858e883f5ad6b903f9cebe65a.jpg","height":640,"width":640,"date_captured":"2024-02-07T12:32:31+00:00"},{"id":215,"license":1,"file_name":"august-24-2017-labuan-malaysia-260nw-706016302_jpg.rf.fd0616509e788e28280a98622a5cd024.jpg","height":640,"width":640,"date_captured":"2024-02-07T12:32:31+00:00"},{"id":216,"license":1,"file_name":"august-24-2017-labuan-malaysia-260nw-710602138_jpg.rf.fc2078456b9722aed7140427b639e614.jpg","height":640,"width":640,"date_captured":"2024-02-07T12:32:31+00:00"},{"id":217,"license":1,"file_name":"canmore-ab-apr-15-2016-260nw-582367249_jpg.rf.fa83aaf8f0465b3c1abfce71116f9ebb.jpg","height":640,"width":640,"date_captured":"2024-02-07T12:32:31+00:00"},{"id":218,"license":1,"file_name":"bangkok-thailand-june-18-2016-260nw-438990727_jpg.rf.f9501a0e2b813fab815d4b1f79d31b94.jpg","height":640,"width":640,"date_captured":"2024-02-07T12:32:31+00:00"},{"id":219,"license":1,"file_name":"bangkok-thailand-june-18-2016-260nw-438992722_jpg.rf.fe25d7c5576772e00752fca7559c21e9.jpg","height":640,"width":640,"date_captured":"2024-02-07T12:32:31+00:00"}],"annotations":[{"id":0,"image_id":0,"category_id":1,"bbox":[245,182,285.5,247],"area":70518.5,"segmentation":[],"iscrowd":0},{"id":1,"image_id":1,"category_id":1,"bbox":[101,62,382.5,405],"area":154912.5,"segmentation":[],"iscrowd":0},{"id":2,"image_id":2,"category_id":1,"bbox":[0,0,447,489],"area":218583,"segmentation":[],"iscrowd":0},{"id":3,"image_id":3,"category_id":1,"bbox":[107,123,384.5,325.5],"area":125154.75,"segmentation":[],"iscrowd":0},{"id":4,"image_id":4,"category_id":1,"bbox":[160,69,300.5,384],"area":115392,"segmentation":[],"iscrowd":0},{"id":5,"image_id":5,"category_id":1,"bbox":[279,70,229,162],"area":37098,"segmentation":[],"iscrowd":0},{"id":6,"image_id":6,"category_id":1,"bbox":[182,75,283.5,215.5],"area":61094.25,"segmentation":[],"iscrowd":0},{"id":7,"image_id":7,"category_id":1,"bbox":[148,78,377,448],"area":168896,"segmentation":[],"iscrowd":0},{"id":8,"image_id":8,"category_id":1,"bbox":[150,206,465.5,298],"area":138719,"segmentation":[],"iscrowd":0},{"id":9,"image_id":9,"category_id":1,"bbox":[149,304,194,83.5],"area":16199,"segmentation":[],"iscrowd":0},{"id":10,"image_id":10,"category_id":1,"bbox":[0,103,497,337],"area":167489,"segmentation":[],"iscrowd":0},{"id":11,"image_id":11,"category_id":1,"bbox":[110,40,447.5,458.5],"area":205178.75,"segmentation":[],"iscrowd":0},{"id":12,"image_id":12,"category_id":1,"bbox":[38,76,571.5,401],"area":229171.5,"segmentation":[],"iscrowd":0},{"id":13,"image_id":13,"category_id":1,"bbox":[69,250,335,223],"area":74705,"segmentation":[],"iscrowd":0},{"id":14,"image_id":14,"category_id":1,"bbox":[184,115,274.5,291],"area":79879.5,"segmentation":[],"iscrowd":0},{"id":15,"image_id":15,"category_id":1,"bbox":[76,104,530,387.5],"area":205375,"segmentation":[],"iscrowd":0},{"id":16,"image_id":16,"category_id":1,"bbox":[227,192,201,203.5],"area":40903.5,"segmentation":[],"iscrowd":0},{"id":17,"image_id":17,"category_id":1,"bbox":[107,67,318,422.5],"area":134355,"segmentation":[],"iscrowd":0},{"id":18,"image_id":18,"category_id":1,"bbox":[55,246,433,313.5],"area":135745.5,"segmentation":[],"iscrowd":0},{"id":19,"image_id":19,"category_id":1,"bbox":[277,354,278.5,207.5],"area":57788.75,"segmentation":[],"iscrowd":0},{"id":20,"image_id":20,"category_id":1,"bbox":[164,86,341,360],"area":122760,"segmentation":[],"iscrowd":0},{"id":21,"image_id":21,"category_id":1,"bbox":[180,162,203,189.5],"area":38468.5,"segmentation":[],"iscrowd":0},{"id":22,"image_id":22,"category_id":1,"bbox":[112,89,155.5,146.5],"area":22780.75,"segmentation":[],"iscrowd":0},{"id":23,"image_id":23,"category_id":1,"bbox":[159,99,344.5,384],"area":132288,"segmentation":[],"iscrowd":0},{"id":24,"image_id":24,"category_id":1,"bbox":[269,118,262.5,214.5],"area":56306.25,"segmentation":[],"iscrowd":0},{"id":25,"image_id":25,"category_id":1,"bbox":[162,395,405.5,136],"area":55148,"segmentation":[],"iscrowd":0},{"id":26,"image_id":26,"category_id":1,"bbox":[259,144,218,182],"area":39676,"segmentation":[],"iscrowd":0},{"id":27,"image_id":27,"category_id":1,"bbox":[142,112,463,328.5],"area":152095.5,"segmentation":[],"iscrowd":0},{"id":28,"image_id":28,"category_id":1,"bbox":[142,79,334,364],"area":121576,"segmentation":[],"iscrowd":0},{"id":29,"image_id":29,"category_id":1,"bbox":[56,181,523.5,294],"area":153909,"segmentation":[],"iscrowd":0},{"id":30,"image_id":30,"category_id":1,"bbox":[315,406,268.5,99.5],"area":26715.75,"segmentation":[],"iscrowd":0},{"id":31,"image_id":31,"category_id":1,"bbox":[91,105,406,414.5],"area":168287,"segmentation":[],"iscrowd":0},{"id":32,"image_id":32,"category_id":1,"bbox":[280,114,210.5,220.5],"area":46415.25,"segmentation":[],"iscrowd":0},{"id":33,"image_id":33,"category_id":1,"bbox":[249,120,251,206.5],"area":51831.5,"segmentation":[],"iscrowd":0},{"id":34,"image_id":34,"category_id":1,"bbox":[289,247,290,149],"area":43210,"segmentation":[],"iscrowd":0},{"id":35,"image_id":35,"category_id":1,"bbox":[250,104,202.5,280.5],"area":56801.25,"segmentation":[],"iscrowd":0},{"id":36,"image_id":36,"category_id":1,"bbox":[308,246,215.5,166],"area":35773,"segmentation":[],"iscrowd":0},{"id":37,"image_id":37,"category_id":1,"bbox":[46,149,546.5,363],"area":198379.5,"segmentation":[],"iscrowd":0},{"id":38,"image_id":38,"category_id":1,"bbox":[112,156,357,364.5],"area":130126.5,"segmentation":[],"iscrowd":0},{"id":39,"image_id":39,"category_id":1,"bbox":[174,91,213,224],"area":47712,"segmentation":[],"iscrowd":0},{"id":40,"image_id":40,"category_id":1,"bbox":[121,42,440.5,391],"area":172235.5,"segmentation":[],"iscrowd":0},{"id":41,"image_id":41,"category_id":1,"bbox":[180,108,313.5,308],"area":96558,"segmentation":[],"iscrowd":0},{"id":42,"image_id":42,"category_id":1,"bbox":[460,428,105.5,77.5],"area":8176.25,"segmentation":[],"iscrowd":0},{"id":43,"image_id":43,"category_id":1,"bbox":[222,133,401,355.5],"area":142555.5,"segmentation":[],"iscrowd":0},{"id":44,"image_id":44,"category_id":1,"bbox":[33,149,493.5,362],"area":178647,"segmentation":[],"iscrowd":0},{"id":45,"image_id":45,"category_id":1,"bbox":[208,118,97,91.5],"area":8875.5,"segmentation":[],"iscrowd":0},{"id":46,"image_id":46,"category_id":1,"bbox":[248,296,352.5,119],"area":41947.5,"segmentation":[],"iscrowd":0},{"id":47,"image_id":47,"category_id":1,"bbox":[294,193,291,216.5],"area":63001.5,"segmentation":[],"iscrowd":0},{"id":48,"image_id":48,"category_id":1,"bbox":[17,121,618,400],"area":247200,"segmentation":[],"iscrowd":0},{"id":49,"image_id":49,"category_id":1,"bbox":[112,168,508,317.5],"area":161290,"segmentation":[],"iscrowd":0},{"id":50,"image_id":50,"category_id":1,"bbox":[284,182,164,136],"area":22304,"segmentation":[],"iscrowd":0},{"id":51,"image_id":51,"category_id":1,"bbox":[191,206,390.5,282],"area":110121,"segmentation":[],"iscrowd":0},{"id":52,"image_id":52,"category_id":1,"bbox":[243,217,152.5,165],"area":25162.5,"segmentation":[],"iscrowd":0},{"id":53,"image_id":53,"category_id":1,"bbox":[87,188,251.5,159],"area":39988.5,"segmentation":[],"iscrowd":0},{"id":54,"image_id":54,"category_id":1,"bbox":[43,92,573.5,407],"area":233414.5,"segmentation":[],"iscrowd":0},{"id":55,"image_id":55,"category_id":1,"bbox":[368,87,239,212.5],"area":50787.5,"segmentation":[],"iscrowd":0},{"id":56,"image_id":56,"category_id":1,"bbox":[165,83,389,403],"area":156767,"segmentation":[],"iscrowd":0},{"id":57,"image_id":57,"category_id":1,"bbox":[274,173,251,185],"area":46435,"segmentation":[],"iscrowd":0},{"id":58,"image_id":58,"category_id":1,"bbox":[202,144,277,289],"area":80053,"segmentation":[],"iscrowd":0},{"id":59,"image_id":59,"category_id":1,"bbox":[231,305,322.5,172],"area":55470,"segmentation":[],"iscrowd":0},{"id":60,"image_id":60,"category_id":1,"bbox":[327,79,210,124],"area":26040,"segmentation":[],"iscrowd":0},{"id":61,"image_id":61,"category_id":1,"bbox":[69,36,450.5,397.5],"area":179073.75,"segmentation":[],"iscrowd":0},{"id":62,"image_id":62,"category_id":1,"bbox":[245,223,201.5,208.5],"area":42012.75,"segmentation":[],"iscrowd":0},{"id":63,"image_id":63,"category_id":1,"bbox":[282,138,227,170],"area":38590,"segmentation":[],"iscrowd":0},{"id":64,"image_id":64,"category_id":1,"bbox":[246,212,124,144],"area":17856,"segmentation":[],"iscrowd":0},{"id":65,"image_id":65,"category_id":1,"bbox":[157,192,342,197],"area":67374,"segmentation":[],"iscrowd":0},{"id":66,"image_id":66,"category_id":1,"bbox":[128,187,348,249.5],"area":86826,"segmentation":[],"iscrowd":0},{"id":67,"image_id":67,"category_id":1,"bbox":[168,196,469,321.5],"area":150783.5,"segmentation":[],"iscrowd":0},{"id":68,"image_id":68,"category_id":1,"bbox":[0,0,568,427],"area":242536,"segmentation":[],"iscrowd":0},{"id":69,"image_id":69,"category_id":1,"bbox":[180,297,332,233.5],"area":77522,"segmentation":[],"iscrowd":0},{"id":70,"image_id":70,"category_id":1,"bbox":[72,41,466,194.5],"area":90637,"segmentation":[],"iscrowd":0},{"id":71,"image_id":71,"category_id":1,"bbox":[204,260,274,172],"area":47128,"segmentation":[],"iscrowd":0},{"id":72,"image_id":72,"category_id":1,"bbox":[35,113,483,302.5],"area":146107.5,"segmentation":[],"iscrowd":0},{"id":73,"image_id":73,"category_id":1,"bbox":[147,139,326,230],"area":74980,"segmentation":[],"iscrowd":0},{"id":74,"image_id":74,"category_id":1,"bbox":[74,91,483.5,167],"area":80744.5,"segmentation":[],"iscrowd":0},{"id":75,"image_id":75,"category_id":1,"bbox":[202,46,385.5,346.5],"area":133575.75,"segmentation":[],"iscrowd":0},{"id":76,"image_id":76,"category_id":1,"bbox":[274,207,258,189],"area":48762,"segmentation":[],"iscrowd":0},{"id":77,"image_id":77,"category_id":1,"bbox":[13,147,567.5,279],"area":158332.5,"segmentation":[],"iscrowd":0},{"id":78,"image_id":78,"category_id":1,"bbox":[29,69,556.5,475],"area":264337.5,"segmentation":[],"iscrowd":0},{"id":79,"image_id":79,"category_id":1,"bbox":[165,135,453.5,307],"area":139224.5,"segmentation":[],"iscrowd":0},{"id":80,"image_id":80,"category_id":1,"bbox":[202,144,378,371],"area":140238,"segmentation":[],"iscrowd":0},{"id":81,"image_id":81,"category_id":1,"bbox":[124,117,500,414],"area":207000,"segmentation":[],"iscrowd":0},{"id":82,"image_id":82,"category_id":1,"bbox":[186,222,369.5,191],"area":70574.5,"segmentation":[],"iscrowd":0},{"id":83,"image_id":83,"category_id":1,"bbox":[314,289,170,149],"area":25330,"segmentation":[],"iscrowd":0},{"id":84,"image_id":84,"category_id":1,"bbox":[209,197,263,175],"area":46025,"segmentation":[],"iscrowd":0},{"id":85,"image_id":85,"category_id":1,"bbox":[60,236,379.5,156],"area":59202,"segmentation":[],"iscrowd":0},{"id":86,"image_id":86,"category_id":1,"bbox":[75,172,413,303.5],"area":125345.5,"segmentation":[],"iscrowd":0},{"id":87,"image_id":87,"category_id":1,"bbox":[323,25,115.5,117.5],"area":13571.25,"segmentation":[],"iscrowd":0},{"id":88,"image_id":88,"category_id":1,"bbox":[151,147,313,235],"area":73555,"segmentation":[],"iscrowd":0},{"id":89,"image_id":89,"category_id":1,"bbox":[121,190,389.5,267],"area":103996.5,"segmentation":[],"iscrowd":0},{"id":90,"image_id":90,"category_id":1,"bbox":[274,163,249.5,201.5],"area":50274.25,"segmentation":[],"iscrowd":0},{"id":91,"image_id":91,"category_id":1,"bbox":[0,0,640,491],"area":314240,"segmentation":[],"iscrowd":0},{"id":92,"image_id":92,"category_id":1,"bbox":[67,101,530,354],"area":187620,"segmentation":[],"iscrowd":0},{"id":93,"image_id":93,"category_id":1,"bbox":[261,169,229,207.5],"area":47517.5,"segmentation":[],"iscrowd":0},{"id":94,"image_id":94,"category_id":1,"bbox":[187,161,356.5,241.5],"area":86094.75,"segmentation":[],"iscrowd":0},{"id":95,"image_id":95,"category_id":1,"bbox":[205,175,202.5,238.5],"area":48296.25,"segmentation":[],"iscrowd":0},{"id":96,"image_id":96,"category_id":1,"bbox":[250,138,201.5,178],"area":35867,"segmentation":[],"iscrowd":0},{"id":97,"image_id":97,"category_id":1,"bbox":[151,195,416.5,266.5],"area":110997.25,"segmentation":[],"iscrowd":0},{"id":98,"image_id":98,"category_id":1,"bbox":[58,169,555,302.5],"area":167887.5,"segmentation":[],"iscrowd":0},{"id":99,"image_id":99,"category_id":1,"bbox":[306,112,208,168],"area":34944,"segmentation":[],"iscrowd":0},{"id":100,"image_id":100,"category_id":1,"bbox":[139,356,131.5,123],"area":16174.5,"segmentation":[],"iscrowd":0},{"id":101,"image_id":101,"category_id":1,"bbox":[158,130,133,84.5],"area":11238.5,"segmentation":[],"iscrowd":0},{"id":102,"image_id":102,"category_id":1,"bbox":[165,137,296.5,211.5],"area":62709.75,"segmentation":[],"iscrowd":0},{"id":103,"image_id":103,"category_id":1,"bbox":[197,140,376.5,377],"area":141940.5,"segmentation":[],"iscrowd":0},{"id":104,"image_id":104,"category_id":1,"bbox":[91,184,184,142],"area":26128,"segmentation":[],"iscrowd":0},{"id":105,"image_id":105,"category_id":1,"bbox":[66,41,527.5,495.5],"area":261376.25,"segmentation":[],"iscrowd":0},{"id":106,"image_id":107,"category_id":1,"bbox":[51,144,575.5,310.5],"area":178692.75,"segmentation":[],"iscrowd":0},{"id":107,"image_id":108,"category_id":1,"bbox":[1,280,623.5,187],"area":116594.5,"segmentation":[],"iscrowd":0},{"id":108,"image_id":109,"category_id":1,"bbox":[97,214,446,208.5],"area":92991,"segmentation":[],"iscrowd":0},{"id":109,"image_id":110,"category_id":1,"bbox":[178,186,348.5,235],"area":81897.5,"segmentation":[],"iscrowd":0},{"id":110,"image_id":111,"category_id":1,"bbox":[261,153,184.5,202.5],"area":37361.25,"segmentation":[],"iscrowd":0},{"id":111,"image_id":112,"category_id":1,"bbox":[99,219,458.5,253.5],"area":116229.75,"segmentation":[],"iscrowd":0},{"id":112,"image_id":113,"category_id":1,"bbox":[96,137,495,280.5],"area":138847.5,"segmentation":[],"iscrowd":0},{"id":113,"image_id":114,"category_id":1,"bbox":[66,98,433,362.5],"area":156962.5,"segmentation":[],"iscrowd":0},{"id":114,"image_id":115,"category_id":1,"bbox":[91,153,370.5,345],"area":127822.5,"segmentation":[],"iscrowd":0},{"id":115,"image_id":116,"category_id":1,"bbox":[144,21,305,292.5],"area":89212.5,"segmentation":[],"iscrowd":0},{"id":116,"image_id":117,"category_id":1,"bbox":[321,239,152.5,110.5],"area":16851.25,"segmentation":[],"iscrowd":0},{"id":117,"image_id":118,"category_id":1,"bbox":[208,223,317,121],"area":38357,"segmentation":[],"iscrowd":0},{"id":118,"image_id":119,"category_id":1,"bbox":[46,119,270.5,249],"area":67354.5,"segmentation":[],"iscrowd":0},{"id":119,"image_id":120,"category_id":1,"bbox":[125,137,357.5,229],"area":81867.5,"segmentation":[],"iscrowd":0},{"id":120,"image_id":121,"category_id":1,"bbox":[14,62,584.5,450.5],"area":263317.25,"segmentation":[],"iscrowd":0},{"id":121,"image_id":122,"category_id":1,"bbox":[41,46,528.5,447.5],"area":236503.75,"segmentation":[],"iscrowd":0},{"id":122,"image_id":123,"category_id":1,"bbox":[202,102,288.5,265],"area":76452.5,"segmentation":[],"iscrowd":0},{"id":123,"image_id":124,"category_id":1,"bbox":[106,30,390,275.5],"area":107445,"segmentation":[],"iscrowd":0},{"id":124,"image_id":125,"category_id":1,"bbox":[263,136,116.5,115.5],"area":13455.75,"segmentation":[],"iscrowd":0},{"id":125,"image_id":126,"category_id":1,"bbox":[79,124,450.5,337.5],"area":152043.75,"segmentation":[],"iscrowd":0},{"id":126,"image_id":127,"category_id":1,"bbox":[0,171,410,423],"area":173430,"segmentation":[],"iscrowd":0},{"id":127,"image_id":128,"category_id":1,"bbox":[136,176,465,353],"area":164145,"segmentation":[],"iscrowd":0},{"id":128,"image_id":129,"category_id":1,"bbox":[177,135,345.5,334.5],"area":115569.75,"segmentation":[],"iscrowd":0},{"id":129,"image_id":130,"category_id":1,"bbox":[137,297,185,141],"area":26085,"segmentation":[],"iscrowd":0},{"id":130,"image_id":131,"category_id":1,"bbox":[118,46,288.5,221.5],"area":63902.75,"segmentation":[],"iscrowd":0},{"id":131,"image_id":132,"category_id":1,"bbox":[139,169,331.5,213],"area":70609.5,"segmentation":[],"iscrowd":0},{"id":132,"image_id":133,"category_id":1,"bbox":[6,57,427,460],"area":196420,"segmentation":[],"iscrowd":0},{"id":133,"image_id":134,"category_id":1,"bbox":[150,169,360,256.5],"area":92340,"segmentation":[],"iscrowd":0},{"id":134,"image_id":135,"category_id":1,"bbox":[116,107,412.5,347.5],"area":143343.75,"segmentation":[],"iscrowd":0},{"id":135,"image_id":136,"category_id":1,"bbox":[0,56,640,468],"area":299520,"segmentation":[],"iscrowd":0},{"id":136,"image_id":137,"category_id":1,"bbox":[190,235,109,86.5],"area":9428.5,"segmentation":[],"iscrowd":0},{"id":137,"image_id":138,"category_id":1,"bbox":[44,105,521,319],"area":166199,"segmentation":[],"iscrowd":0},{"id":138,"image_id":139,"category_id":1,"bbox":[278,71,207.5,201],"area":41707.5,"segmentation":[],"iscrowd":0},{"id":139,"image_id":140,"category_id":1,"bbox":[153,111,475.5,245.5],"area":116735.25,"segmentation":[],"iscrowd":0},{"id":140,"image_id":141,"category_id":1,"bbox":[150,113,316.5,376.5],"area":119162.25,"segmentation":[],"iscrowd":0},{"id":141,"image_id":142,"category_id":1,"bbox":[47,376,408.5,128],"area":52288,"segmentation":[],"iscrowd":0},{"id":142,"image_id":143,"category_id":1,"bbox":[16,61,616.5,465],"area":286672.5,"segmentation":[],"iscrowd":0},{"id":143,"image_id":144,"category_id":1,"bbox":[83,183,399.5,257],"area":102671.5,"segmentation":[],"iscrowd":0},{"id":144,"image_id":145,"category_id":1,"bbox":[374,239,121,119],"area":14399,"segmentation":[],"iscrowd":0},{"id":145,"image_id":146,"category_id":1,"bbox":[120,80,466,116.5],"area":54289,"segmentation":[],"iscrowd":0},{"id":146,"image_id":147,"category_id":1,"bbox":[256,137,244.5,162],"area":39609,"segmentation":[],"iscrowd":0},{"id":147,"image_id":148,"category_id":1,"bbox":[41,124,562.5,393.5],"area":221343.75,"segmentation":[],"iscrowd":0},{"id":148,"image_id":149,"category_id":1,"bbox":[0,137,620,385],"area":238700,"segmentation":[],"iscrowd":0},{"id":149,"image_id":150,"category_id":1,"bbox":[114,71,417.5,435],"area":181612.5,"segmentation":[],"iscrowd":0},{"id":150,"image_id":151,"category_id":1,"bbox":[53,126,438,314.5],"area":137751,"segmentation":[],"iscrowd":0},{"id":151,"image_id":152,"category_id":1,"bbox":[50,186,290,190],"area":55100,"segmentation":[],"iscrowd":0},{"id":152,"image_id":153,"category_id":1,"bbox":[109,166,157,101.5],"area":15935.5,"segmentation":[],"iscrowd":0},{"id":153,"image_id":154,"category_id":1,"bbox":[264,221,296.5,227.5],"area":67453.75,"segmentation":[],"iscrowd":0},{"id":154,"image_id":155,"category_id":1,"bbox":[90,177,445,297],"area":132165,"segmentation":[],"iscrowd":0},{"id":155,"image_id":156,"category_id":1,"bbox":[59,94,537.5,344],"area":184900,"segmentation":[],"iscrowd":0},{"id":156,"image_id":157,"category_id":1,"bbox":[13,140,587.5,340],"area":199750,"segmentation":[],"iscrowd":0},{"id":157,"image_id":158,"category_id":1,"bbox":[128,95,162,164],"area":26568,"segmentation":[],"iscrowd":0},{"id":158,"image_id":159,"category_id":1,"bbox":[173,296,124,150],"area":18600,"segmentation":[],"iscrowd":0},{"id":159,"image_id":160,"category_id":1,"bbox":[150,325,143.5,128],"area":18368,"segmentation":[],"iscrowd":0},{"id":160,"image_id":161,"category_id":1,"bbox":[204,18,296.5,359],"area":106443.5,"segmentation":[],"iscrowd":0},{"id":161,"image_id":162,"category_id":1,"bbox":[105,109,306,258.5],"area":79101,"segmentation":[],"iscrowd":0},{"id":162,"image_id":163,"category_id":1,"bbox":[84,175,185,157],"area":29045,"segmentation":[],"iscrowd":0},{"id":163,"image_id":164,"category_id":1,"bbox":[70,19,384,448],"area":172032,"segmentation":[],"iscrowd":0},{"id":164,"image_id":165,"category_id":1,"bbox":[15,152,619.5,368.5],"area":228285.75,"segmentation":[],"iscrowd":0},{"id":165,"image_id":166,"category_id":1,"bbox":[236,107,187,150],"area":28050,"segmentation":[],"iscrowd":0},{"id":166,"image_id":167,"category_id":1,"bbox":[163,241,299,233.5],"area":69816.5,"segmentation":[],"iscrowd":0},{"id":167,"image_id":168,"category_id":1,"bbox":[304,210,249,248.5],"area":61876.5,"segmentation":[],"iscrowd":0},{"id":168,"image_id":169,"category_id":1,"bbox":[173,147,353,233],"area":82249,"segmentation":[],"iscrowd":0},{"id":169,"image_id":170,"category_id":1,"bbox":[74,260,303.5,201.5],"area":61155.25,"segmentation":[],"iscrowd":0},{"id":170,"image_id":171,"category_id":1,"bbox":[78,49,450.5,517.5],"area":233133.75,"segmentation":[],"iscrowd":0},{"id":171,"image_id":172,"category_id":1,"bbox":[17,249,582,218.5],"area":127167,"segmentation":[],"iscrowd":0},{"id":172,"image_id":173,"category_id":1,"bbox":[2,0,631.5,593.5],"area":374795.25,"segmentation":[],"iscrowd":0},{"id":173,"image_id":174,"category_id":1,"bbox":[274,88,269,160],"area":43040,"segmentation":[],"iscrowd":0},{"id":174,"image_id":175,"category_id":1,"bbox":[83,169,430,214.5],"area":92235,"segmentation":[],"iscrowd":0},{"id":175,"image_id":176,"category_id":1,"bbox":[132,107,402.5,354.5],"area":142686.25,"segmentation":[],"iscrowd":0},{"id":176,"image_id":177,"category_id":1,"bbox":[166,96,441.5,435],"area":192052.5,"segmentation":[],"iscrowd":0},{"id":177,"image_id":178,"category_id":1,"bbox":[86,174,463,242.5],"area":112277.5,"segmentation":[],"iscrowd":0},{"id":178,"image_id":179,"category_id":1,"bbox":[185,136,319,320.5],"area":102239.5,"segmentation":[],"iscrowd":0},{"id":179,"image_id":180,"category_id":1,"bbox":[282,113,164.5,203.5],"area":33475.75,"segmentation":[],"iscrowd":0},{"id":180,"image_id":181,"category_id":1,"bbox":[266,146,230.5,176],"area":40568,"segmentation":[],"iscrowd":0},{"id":181,"image_id":182,"category_id":1,"bbox":[7,77,596,456.5],"area":272074,"segmentation":[],"iscrowd":0},{"id":182,"image_id":183,"category_id":1,"bbox":[153,165,426.5,312],"area":133068,"segmentation":[],"iscrowd":0},{"id":183,"image_id":184,"category_id":1,"bbox":[116,35,392.5,387.5],"area":152093.75,"segmentation":[],"iscrowd":0},{"id":184,"image_id":185,"category_id":1,"bbox":[132,102,378,370.5],"area":140049,"segmentation":[],"iscrowd":0},{"id":185,"image_id":186,"category_id":1,"bbox":[115,103,420,439.5],"area":184590,"segmentation":[],"iscrowd":0},{"id":186,"image_id":187,"category_id":1,"bbox":[234,50,326,304],"area":99104,"segmentation":[],"iscrowd":0},{"id":187,"image_id":188,"category_id":1,"bbox":[0,0,576,592],"area":340992,"segmentation":[],"iscrowd":0},{"id":188,"image_id":189,"category_id":1,"bbox":[102,111,434.5,314],"area":136433,"segmentation":[],"iscrowd":0},{"id":189,"image_id":190,"category_id":1,"bbox":[244,223,291,153],"area":44523,"segmentation":[],"iscrowd":0},{"id":190,"image_id":191,"category_id":1,"bbox":[218,205,200.5,205.5],"area":41202.75,"segmentation":[],"iscrowd":0},{"id":191,"image_id":192,"category_id":1,"bbox":[104,130,394.5,348.5],"area":137483.25,"segmentation":[],"iscrowd":0},{"id":192,"image_id":193,"category_id":1,"bbox":[124,149,468,296.5],"area":138762,"segmentation":[],"iscrowd":0},{"id":193,"image_id":194,"category_id":1,"bbox":[220,261,185.5,182],"area":33761,"segmentation":[],"iscrowd":0},{"id":194,"image_id":195,"category_id":1,"bbox":[109,24,430.5,422.5],"area":181886.25,"segmentation":[],"iscrowd":0},{"id":195,"image_id":196,"category_id":1,"bbox":[184,174,380,246.5],"area":93670,"segmentation":[],"iscrowd":0},{"id":196,"image_id":197,"category_id":1,"bbox":[139,210,355.5,239],"area":84964.5,"segmentation":[],"iscrowd":0},{"id":197,"image_id":198,"category_id":1,"bbox":[70,90,466,407.5],"area":189895,"segmentation":[],"iscrowd":0},{"id":198,"image_id":199,"category_id":1,"bbox":[15,332,616,217.5],"area":133980,"segmentation":[],"iscrowd":0},{"id":199,"image_id":200,"category_id":1,"bbox":[28,158,543.5,282],"area":153267,"segmentation":[],"iscrowd":0},{"id":200,"image_id":201,"category_id":1,"bbox":[213,257,227.5,100.5],"area":22863.75,"segmentation":[],"iscrowd":0},{"id":201,"image_id":202,"category_id":1,"bbox":[141,153,489,340.5],"area":166504.5,"segmentation":[],"iscrowd":0},{"id":202,"image_id":203,"category_id":1,"bbox":[139,142,212,195],"area":41340,"segmentation":[],"iscrowd":0},{"id":203,"image_id":204,"category_id":1,"bbox":[157,171,345.5,252.5],"area":87238.75,"segmentation":[],"iscrowd":0},{"id":204,"image_id":205,"category_id":1,"bbox":[101,179,441.5,285.5],"area":126048.25,"segmentation":[],"iscrowd":0},{"id":205,"image_id":206,"category_id":1,"bbox":[0,242,477,355.5],"area":169573.5,"segmentation":[],"iscrowd":0},{"id":206,"image_id":207,"category_id":1,"bbox":[346,326,145,117.5],"area":17037.5,"segmentation":[],"iscrowd":0},{"id":207,"image_id":208,"category_id":1,"bbox":[40,139,543,429.5],"area":233218.5,"segmentation":[],"iscrowd":0},{"id":208,"image_id":209,"category_id":1,"bbox":[174,173,381,269],"area":102489,"segmentation":[],"iscrowd":0},{"id":209,"image_id":210,"category_id":1,"bbox":[248,196,238,170],"area":40460,"segmentation":[],"iscrowd":0},{"id":210,"image_id":211,"category_id":1,"bbox":[210,176,236.5,225.5],"area":53330.75,"segmentation":[],"iscrowd":0},{"id":211,"image_id":212,"category_id":1,"bbox":[141,81,344,369.5],"area":127108,"segmentation":[],"iscrowd":0},{"id":212,"image_id":213,"category_id":1,"bbox":[56,62,500,354.5],"area":177250,"segmentation":[],"iscrowd":0},{"id":213,"image_id":214,"category_id":1,"bbox":[225,237,248,215.5],"area":53444,"segmentation":[],"iscrowd":0},{"id":214,"image_id":215,"category_id":1,"bbox":[212,165,228.5,280],"area":63980,"segmentation":[],"iscrowd":0},{"id":215,"image_id":216,"category_id":1,"bbox":[156,169,141.5,149],"area":21083.5,"segmentation":[],"iscrowd":0},{"id":216,"image_id":217,"category_id":1,"bbox":[291,136,239,184],"area":43976,"segmentation":[],"iscrowd":0},{"id":217,"image_id":218,"category_id":1,"bbox":[156,54,380,440.5],"area":167390,"segmentation":[],"iscrowd":0},{"id":218,"image_id":219,"category_id":1,"bbox":[73,108,532,367],"area":195244,"segmentation":[],"iscrowd":0}]}